{
    "total_runtime": 197.68143010139465,
    "num_documents": 1,
    "input_load_time": 0,
    "workflows": {
        "create_base_text_units": {
            "overall": 0.4653027057647705,
            "0_orderby": 0.036672115325927734,
            "1_zip": 0.013814926147460938,
            "2_aggregate_override": 0.015718460083007812,
            "3_chunk": 0.3052103519439697,
            "4_select": 0.009346723556518555,
            "5_unroll": 0.014593124389648438,
            "6_rename": 0.009539604187011719,
            "7_genid": 0.013089418411254883,
            "8_unzip": 0.010737180709838867,
            "9_copy": 0.009021759033203125,
            "10_filter": 0.024042129516601562
        },
        "create_base_extracted_entities": {
            "overall": 0.6499216556549072,
            "0_entity_extract": 0.4871382713317871,
            "1_merge_graphs": 0.151228666305542
        },
        "create_summarized_entities": {
            "overall": 1.1016473770141602,
            "0_summarize_descriptions": 1.0951247215270996
        },
        "create_base_entity_graph": {
            "overall": 0.7960407733917236,
            "0_cluster_graph": 0.7644400596618652,
            "1_select": 0.017060518264770508
        },
        "create_final_entities": {
            "overall": 69.15032482147217,
            "0_unpack_graph": 0.22394180297851562,
            "1_rename": 0.014116287231445312,
            "2_select": 0.014653921127319336,
            "3_dedupe": 0.03487586975097656,
            "4_rename": 0.01857304573059082,
            "5_filter": 0.05080604553222656,
            "6_text_split": 0.03178286552429199,
            "7_drop": 0.012154817581176758,
            "8_merge": 0.24761319160461426,
            "9_text_embed": 68.39416885375977,
            "10_drop": 0.017232894897460938,
            "11_filter": 0.07200050354003906
        },
        "create_final_nodes": {
            "overall": 2.2586991786956787,
            "0_layout_graph": 1.0893609523773193,
            "1_unpack_graph": 0.24353814125061035,
            "2_unpack_graph": 0.5652213096618652,
            "3_filter": 0.10064268112182617,
            "4_drop": 0.017228364944458008,
            "5_select": 0.016555070877075195,
            "6_rename": 0.01752924919128418,
            "7_join": 0.043457746505737305,
            "8_convert": 0.12551546096801758,
            "9_rename": 0.02713918685913086
        },
        "create_final_communities": {
            "overall": 1.7676775455474854,
            "0_unpack_graph": 0.22455787658691406,
            "1_unpack_graph": 0.22623252868652344,
            "2_aggregate_override": 0.05279970169067383,
            "3_join": 0.05434775352478027,
            "4_join": 0.04652214050292969,
            "5_concat": 0.02013397216796875,
            "6_filter": 0.6362535953521729,
            "7_aggregate_override": 0.05961489677429199,
            "8_join": 0.04931306838989258,
            "9_filter": 0.07740473747253418,
            "10_fill": 0.04892849922180176,
            "11_merge": 0.1821155548095703,
            "12_copy": 0.040105342864990234,
            "13_select": 0.030261754989624023
        },
        "join_text_units_to_entity_ids": {
            "overall": 0.1708829402923584,
            "0_select": 0.04382014274597168,
            "1_unroll": 0.046979665756225586,
            "2_aggregate_override": 0.05498504638671875
        },
        "create_final_relationships": {
            "overall": 0.8180258274078369,
            "0_unpack_graph": 0.22291827201843262,
            "1_filter": 0.20340633392333984,
            "2_rename": 0.03500199317932129,
            "3_filter": 0.14544439315795898,
            "4_drop": 0.025242090225219727,
            "5_compute_edge_combined_degree": 0.03911256790161133,
            "6_convert": 0.07317423820495605,
            "7_convert": 0.039632320404052734
        },
        "join_text_units_to_relationship_ids": {
            "overall": 0.18531274795532227,
            "0_select": 0.021914958953857422,
            "1_unroll": 0.028421878814697266,
            "2_aggregate_override": 0.07229852676391602,
            "3_select": 0.03820300102233887
        },
        "create_final_community_reports": {
            "overall": 112.65580439567566,
            "0_prepare_community_reports_nodes": 0.09646439552307129,
            "1_prepare_community_reports_edges": 0.05013012886047363,
            "2_restore_community_hierarchy": 0.043683528900146484,
            "3_prepare_community_reports": 0.7499852180480957,
            "4_create_community_reports": 111.63548040390015,
            "5_window": 0.03610038757324219
        },
        "create_final_text_units": {
            "overall": 0.4095113277435303,
            "0_select": 0.08558177947998047,
            "1_rename": 0.07613921165466309,
            "2_join": 0.060335397720336914,
            "3_join": 0.04787325859069824,
            "4_aggregate_override": 0.04089474678039551,
            "5_select": 0.04140472412109375
        },
        "create_base_documents": {
            "overall": 0.6046624183654785,
            "0_unroll": 0.047739267349243164,
            "1_select": 0.040122270584106445,
            "2_rename": 0.04574251174926758,
            "3_join": 0.1721043586730957,
            "4_aggregate_override": 0.05951547622680664,
            "5_join": 0.0642995834350586,
            "6_rename": 0.03952813148498535,
            "7_convert": 0.09221315383911133
        },
        "create_final_documents": {
            "overall": 0.07951092720031738,
            "0_rename": 0.04603886604309082
        }
    }
}