{
    "total_runtime": 3.160538911819458,
    "num_documents": 1,
    "input_load_time": 0,
    "workflows": {
        "create_base_text_units": {
            "overall": 0.7289226055145264,
            "0_orderby": 0.014791011810302734,
            "1_zip": 0.012660980224609375,
            "2_aggregate_override": 0.025241851806640625,
            "3_chunk": 0.4538545608520508,
            "4_select": 0.01369619369506836,
            "5_unroll": 0.0197296142578125,
            "6_rename": 0.01233053207397461,
            "7_genid": 0.018069982528686523,
            "8_unzip": 0.015587329864501953,
            "9_copy": 0.012278556823730469,
            "10_filter": 0.12403321266174316
        },
        "create_base_extracted_entities": {
            "overall": 1.4295964241027832,
            "0_entity_extract": 0.8684961795806885,
            "1_merge_graphs": 0.5506865978240967
        }
    }
}