{
    "total_runtime": 4.088148593902588,
    "num_documents": 1,
    "input_load_time": 0,
    "workflows": {
        "create_base_text_units": {
            "overall": 0.667426586151123,
            "0_orderby": 0.013097286224365234,
            "1_zip": 0.007750272750854492,
            "2_aggregate_override": 0.024747371673583984,
            "3_chunk": 0.4265105724334717,
            "4_select": 0.01568436622619629,
            "5_unroll": 0.02541208267211914,
            "6_rename": 0.008550882339477539,
            "7_genid": 0.01743912696838379,
            "8_unzip": 0.015285730361938477,
            "9_copy": 0.011617422103881836,
            "10_filter": 0.0963280200958252
        },
        "create_base_extracted_entities": {
            "overall": 2.5582683086395264,
            "0_entity_extract": 2.1297576427459717,
            "1_merge_graphs": 0.4152853488922119
        }
    }
}