{
    "total_runtime": 78.4513840675354,
    "num_documents": 1,
    "input_load_time": 0,
    "workflows": {
        "create_base_text_units": {
            "overall": 1.0565667152404785,
            "0_orderby": 0.018161535263061523,
            "1_zip": 0.01053619384765625,
            "2_aggregate_override": 0.0760335922241211,
            "3_chunk": 0.7781643867492676,
            "4_select": 0.014861345291137695,
            "5_unroll": 0.030214786529541016,
            "6_rename": 0.015883922576904297,
            "7_genid": 0.01991438865661621,
            "8_unzip": 0.015706300735473633,
            "9_copy": 0.014270782470703125,
            "10_filter": 0.05394244194030762
        },
        "create_base_extracted_entities": {
            "overall": 76.39768433570862,
            "0_entity_extract": 76.34956121444702,
            "1_merge_graphs": 0.033647775650024414
        }
    }
}