{
    "total_runtime": 84.11186480522156,
    "num_documents": 1,
    "input_load_time": 0,
    "workflows": {
        "create_base_text_units": {
            "overall": 0.5032498836517334,
            "0_orderby": 0.024419784545898438,
            "1_zip": 0.022216796875,
            "2_aggregate_override": 0.02300429344177246,
            "3_chunk": 0.3230476379394531,
            "4_select": 0.008032798767089844,
            "5_unroll": 0.01799750328063965,
            "6_rename": 0.008045673370361328,
            "7_genid": 0.010006427764892578,
            "8_unzip": 0.006932497024536133,
            "9_copy": 0.008059501647949219,
            "10_filter": 0.02670574188232422
        },
        "create_base_extracted_entities": {
            "overall": 0.6379785537719727,
            "0_entity_extract": 0.493849515914917,
            "1_merge_graphs": 0.13660645484924316
        },
        "create_summarized_entities": {
            "overall": 1.4202532768249512,
            "0_summarize_descriptions": 1.4122247695922852
        },
        "create_base_entity_graph": {
            "overall": 0.5094308853149414,
            "0_cluster_graph": 0.4834449291229248,
            "1_select": 0.013809442520141602
        },
        "create_final_entities": {
            "overall": 1.9528172016143799,
            "0_unpack_graph": 0.22256088256835938,
            "1_rename": 0.020235776901245117,
            "2_select": 0.013612031936645508,
            "3_dedupe": 0.08251118659973145,
            "4_rename": 0.02059340476989746,
            "5_filter": 0.07465815544128418,
            "6_text_split": 0.05219626426696777,
            "7_drop": 0.020520448684692383,
            "8_merge": 0.3221902847290039,
            "9_text_embed": 1.0378086566925049,
            "10_drop": 0.018338680267333984,
            "11_filter": 0.051939964294433594
        },
        "create_final_nodes": {
            "overall": 2.672929286956787,
            "0_layout_graph": 1.2999167442321777,
            "1_unpack_graph": 0.22888684272766113,
            "2_unpack_graph": 0.5994269847869873,
            "3_filter": 0.24848246574401855,
            "4_drop": 0.05092906951904297,
            "5_select": 0.019285202026367188,
            "6_rename": 0.024283885955810547,
            "7_join": 0.05612635612487793,
            "8_convert": 0.09135627746582031,
            "9_rename": 0.030510663986206055
        },
        "create_final_communities": {
            "overall": 1.7893619537353516,
            "0_unpack_graph": 0.4244561195373535,
            "1_unpack_graph": 0.20469450950622559,
            "2_aggregate_override": 0.07346010208129883,
            "3_join": 0.05651593208312988,
            "4_join": 0.05148434638977051,
            "5_concat": 0.0315244197845459,
            "6_filter": 0.5232968330383301,
            "7_aggregate_override": 0.06706762313842773,
            "8_join": 0.04660439491271973,
            "9_filter": 0.08117914199829102,
            "10_fill": 0.04187512397766113,
            "11_merge": 0.0783989429473877,
            "12_copy": 0.035474538803100586,
            "13_select": 0.02287769317626953
        },
        "join_text_units_to_entity_ids": {
            "overall": 0.1384871006011963,
            "0_select": 0.03490471839904785,
            "1_unroll": 0.03893136978149414,
            "2_aggregate_override": 0.04403257369995117
        },
        "create_final_relationships": {
            "overall": 0.8389158248901367,
            "0_unpack_graph": 0.21476292610168457,
            "1_filter": 0.14000391960144043,
            "2_rename": 0.02527928352355957,
            "3_filter": 0.1713850498199463,
            "4_drop": 0.027121782302856445,
            "5_compute_edge_combined_degree": 0.05515766143798828,
            "6_convert": 0.0675046443939209,
            "7_convert": 0.09157323837280273
        },
        "join_text_units_to_relationship_ids": {
            "overall": 0.17396259307861328,
            "0_select": 0.021661758422851562,
            "1_unroll": 0.04521608352661133,
            "2_aggregate_override": 0.03419160842895508,
            "3_select": 0.03571367263793945
        },
        "create_final_community_reports": {
            "overall": 64.96683287620544,
            "0_prepare_community_reports_nodes": 0.08554887771606445,
            "1_prepare_community_reports_edges": 0.04030561447143555,
            "2_restore_community_hierarchy": 0.04986929893493652,
            "3_prepare_community_reports": 0.7167165279388428,
            "4_create_community_reports": 63.9832227230072,
            "5_window": 0.06686258316040039
        },
        "create_final_text_units": {
            "overall": 0.40500760078430176,
            "0_select": 0.049279212951660156,
            "1_rename": 0.0746316909790039,
            "2_join": 0.07967400550842285,
            "3_join": 0.06447863578796387,
            "4_aggregate_override": 0.0605311393737793,
            "5_select": 0.03807997703552246
        },
        "create_base_documents": {
            "overall": 0.8276925086975098,
            "0_unroll": 0.06593441963195801,
            "1_select": 0.07608842849731445,
            "2_rename": 0.04132699966430664,
            "3_join": 0.04174327850341797,
            "4_aggregate_override": 0.03689885139465332,
            "5_join": 0.21233105659484863,
            "6_rename": 0.07637548446655273,
            "7_convert": 0.2071545124053955
        },
        "create_final_documents": {
            "overall": 0.07903242111206055,
            "0_rename": 0.04087710380554199
        }
    }
}