{
    "total_runtime": 2.3368985652923584,
    "num_documents": 1,
    "input_load_time": 0,
    "workflows": {
        "create_base_text_units": {
            "overall": 0.5781576633453369,
            "0_orderby": 0.012950658798217773,
            "1_zip": 0.012003183364868164,
            "2_aggregate_override": 0.025137662887573242,
            "3_chunk": 0.4135575294494629,
            "4_select": 0.010941505432128906,
            "5_unroll": 0.021326541900634766,
            "6_rename": 0.008986949920654297,
            "7_genid": 0.012042999267578125,
            "8_unzip": 0.010958671569824219,
            "9_copy": 0.00899362564086914,
            "10_filter": 0.03399085998535156
        },
        "create_base_extracted_entities": {
            "overall": 0.9338068962097168,
            "0_entity_extract": 0.7069668769836426,
            "1_merge_graphs": 0.21783900260925293
        }
    }
}