{
    "total_runtime": 3.477473497390747,
    "num_documents": 1,
    "input_load_time": 0,
    "workflows": {
        "create_base_text_units": {
            "overall": 0.7429931163787842,
            "0_orderby": 0.01469278335571289,
            "1_zip": 0.010422468185424805,
            "2_aggregate_override": 0.02170848846435547,
            "3_chunk": 0.5514585971832275,
            "4_select": 0.017843961715698242,
            "5_unroll": 0.024764060974121094,
            "6_rename": 0.011610031127929688,
            "7_genid": 0.015923261642456055,
            "8_unzip": 0.012055158615112305,
            "9_copy": 0.011716604232788086,
            "10_filter": 0.04424619674682617
        },
        "create_base_extracted_entities": {
            "overall": 1.785238265991211,
            "0_entity_extract": 1.3743531703948975,
            "1_merge_graphs": 0.39587950706481934
        }
    }
}