{
    "total_runtime": 12.128479719161987,
    "num_documents": 1,
    "input_load_time": 0,
    "workflows": {
        "create_base_text_units": {
            "overall": 1.0311543941497803,
            "0_orderby": 0.018254756927490234,
            "1_zip": 0.0162961483001709,
            "2_aggregate_override": 0.03644418716430664,
            "3_chunk": 0.7613823413848877,
            "4_select": 0.016734838485717773,
            "5_unroll": 0.026037931442260742,
            "6_rename": 0.011980772018432617,
            "7_genid": 0.027541160583496094,
            "8_unzip": 0.027002811431884766,
            "9_copy": 0.014006376266479492,
            "10_filter": 0.0690910816192627
        },
        "create_base_extracted_entities": {
            "overall": 9.961024522781372,
            "0_entity_extract": 9.225325584411621,
            "1_merge_graphs": 0.7126419544219971
        }
    }
}