{
    "total_runtime": 45.15502309799194,
    "num_documents": 1,
    "input_load_time": 0,
    "workflows": {
        "create_base_text_units": {
            "overall": 0.8185222148895264,
            "0_orderby": 0.017002582550048828,
            "1_zip": 0.010051727294921875,
            "2_aggregate_override": 0.02550363540649414,
            "3_chunk": 0.5690593719482422,
            "4_select": 0.021564245223999023,
            "5_unroll": 0.03426194190979004,
            "6_rename": 0.018532276153564453,
            "7_genid": 0.0313715934753418,
            "8_unzip": 0.020580768585205078,
            "9_copy": 0.014292001724243164,
            "10_filter": 0.05124330520629883
        },
        "create_base_extracted_entities": {
            "overall": 43.4751832485199,
            "0_entity_extract": 43.23227286338806,
            "1_merge_graphs": 0.22790932655334473
        }
    }
}