{
    "total_runtime": 2.4192121028900146,
    "num_documents": 1,
    "input_load_time": 0,
    "workflows": {
        "create_base_text_units": {
            "overall": 0.5992271900177002,
            "0_orderby": 0.016393661499023438,
            "1_zip": 0.009958744049072266,
            "2_aggregate_override": 0.025052547454833984,
            "3_chunk": 0.4047396183013916,
            "4_select": 0.01422429084777832,
            "5_unroll": 0.02205371856689453,
            "6_rename": 0.013986349105834961,
            "7_genid": 0.013916969299316406,
            "8_unzip": 0.016764163970947266,
            "9_copy": 0.011359453201293945,
            "10_filter": 0.045162200927734375
        },
        "create_base_extracted_entities": {
            "overall": 0.9239883422851562,
            "0_entity_extract": 0.6588752269744873,
            "1_merge_graphs": 0.2560696601867676
        }
    }
}