{
    "total_runtime": 2.4843127727508545,
    "num_documents": 1,
    "input_load_time": 0,
    "workflows": {
        "create_base_text_units": {
            "overall": 0.6413521766662598,
            "0_orderby": 0.01735663414001465,
            "1_zip": 0.01158761978149414,
            "2_aggregate_override": 0.028683900833129883,
            "3_chunk": 0.45221900939941406,
            "4_select": 0.010581493377685547,
            "5_unroll": 0.023308515548706055,
            "6_rename": 0.01104736328125,
            "7_genid": 0.014364004135131836,
            "8_unzip": 0.010273218154907227,
            "9_copy": 0.012176990509033203,
            "10_filter": 0.04495525360107422
        },
        "create_base_extracted_entities": {
            "overall": 1.0097272396087646,
            "0_entity_extract": 0.7917463779449463,
            "1_merge_graphs": 0.18817520141601562
        }
    }
}