{
    "total_runtime": 83.20814919471741,
    "num_documents": 1,
    "input_load_time": 0,
    "workflows": {
        "create_base_text_units": {
            "overall": 1.2611865997314453,
            "0_orderby": 0.030309200286865234,
            "1_zip": 0.023302555084228516,
            "2_aggregate_override": 0.05583691596984863,
            "3_chunk": 0.9012486934661865,
            "4_select": 0.021533727645874023,
            "5_unroll": 0.034576416015625,
            "6_rename": 0.016237497329711914,
            "7_genid": 0.03685879707336426,
            "8_unzip": 0.027637958526611328,
            "9_copy": 0.0173490047454834,
            "10_filter": 0.08504080772399902
        },
        "create_base_extracted_entities": {
            "overall": 80.61012673377991,
            "0_entity_extract": 80.53950810432434,
            "1_merge_graphs": 0.04653310775756836
        }
    }
}