{
    "total_runtime": 65.46167302131653,
    "num_documents": 1,
    "input_load_time": 0,
    "workflows": {
        "create_base_text_units": {
            "overall": 0.8979783058166504,
            "0_orderby": 0.019408226013183594,
            "1_zip": 0.016499757766723633,
            "2_aggregate_override": 0.025331497192382812,
            "3_chunk": 0.6722517013549805,
            "4_select": 0.016643762588500977,
            "5_unroll": 0.03209495544433594,
            "6_rename": 0.010042190551757812,
            "7_genid": 0.017147541046142578,
            "8_unzip": 0.015511035919189453,
            "9_copy": 0.01519775390625,
            "10_filter": 0.052838802337646484
        },
        "create_base_extracted_entities": {
            "overall": 63.71273612976074,
            "0_entity_extract": 63.633214473724365,
            "1_merge_graphs": 0.06949615478515625
        }
    }
}