{
    "total_runtime": 2.5548441410064697,
    "num_documents": 1,
    "input_load_time": 0,
    "workflows": {
        "create_base_text_units": {
            "overall": 0.5619874000549316,
            "0_orderby": 0.016399145126342773,
            "1_zip": 0.009505987167358398,
            "2_aggregate_override": 0.020635604858398438,
            "3_chunk": 0.3794405460357666,
            "4_select": 0.01163792610168457,
            "5_unroll": 0.02119731903076172,
            "6_rename": 0.010087728500366211,
            "7_genid": 0.018184185028076172,
            "8_unzip": 0.01601409912109375,
            "9_copy": 0.01195073127746582,
            "10_filter": 0.042878150939941406
        },
        "create_base_extracted_entities": {
            "overall": 1.0382914543151855,
            "0_entity_extract": 0.7774050235748291,
            "1_merge_graphs": 0.24805784225463867
        }
    }
}