{
    "total_runtime": 2.8459861278533936,
    "num_documents": 1,
    "input_load_time": 0,
    "workflows": {
        "create_base_text_units": {
            "overall": 0.47838830947875977,
            "0_orderby": 0.00762486457824707,
            "1_zip": 0.010084867477416992,
            "2_aggregate_override": 0.01553654670715332,
            "3_chunk": 0.3453972339630127,
            "4_select": 0.007017374038696289,
            "5_unroll": 0.009759187698364258,
            "6_rename": 0.007222890853881836,
            "7_genid": 0.01392364501953125,
            "8_unzip": 0.011238574981689453,
            "9_copy": 0.009969234466552734,
            "10_filter": 0.03551077842712402
        },
        "create_base_extracted_entities": {
            "overall": 1.6272730827331543,
            "0_entity_extract": 1.0775132179260254,
            "1_merge_graphs": 0.5372793674468994
        }
    }
}