{
    "total_runtime": 82.58803415298462,
    "num_documents": 1,
    "input_load_time": 0,
    "workflows": {
        "create_base_text_units": {
            "overall": 0.8182921409606934,
            "0_orderby": 0.019002199172973633,
            "1_zip": 0.014015436172485352,
            "2_aggregate_override": 0.022998571395874023,
            "3_chunk": 0.6127445697784424,
            "4_select": 0.015410184860229492,
            "5_unroll": 0.02259540557861328,
            "6_rename": 0.0128631591796875,
            "7_genid": 0.019808053970336914,
            "8_unzip": 0.015223264694213867,
            "9_copy": 0.012962102890014648,
            "10_filter": 0.042366743087768555
        },
        "create_base_extracted_entities": {
            "overall": 80.86825227737427,
            "0_entity_extract": 80.7989194393158,
            "1_merge_graphs": 0.060331106185913086
        }
    }
}