{
    "total_runtime": 2.400782346725464,
    "num_documents": 1,
    "input_load_time": 0,
    "workflows": {
        "create_base_text_units": {
            "overall": 0.6899659633636475,
            "0_orderby": 0.016536951065063477,
            "1_zip": 0.015355825424194336,
            "2_aggregate_override": 0.03551483154296875,
            "3_chunk": 0.4821596145629883,
            "4_select": 0.012764453887939453,
            "5_unroll": 0.026096343994140625,
            "6_rename": 0.010040283203125,
            "7_genid": 0.02467799186706543,
            "8_unzip": 0.011851787567138672,
            "9_copy": 0.010234355926513672,
            "10_filter": 0.03691363334655762
        },
        "create_base_extracted_entities": {
            "overall": 0.8510615825653076,
            "0_entity_extract": 0.6281018257141113,
            "1_merge_graphs": 0.21395373344421387
        }
    }
}