{
    "total_runtime": 1196.3379018306732,
    "num_documents": 1,
    "input_load_time": 0,
    "workflows": {
        "create_base_text_units": {
            "overall": 0.3637244701385498,
            "0_orderby": 0.016366004943847656,
            "1_zip": 0.009053707122802734,
            "2_aggregate_override": 0.017638206481933594,
            "3_chunk": 0.23699021339416504,
            "4_select": 0.009031057357788086,
            "5_unroll": 0.015980958938598633,
            "6_rename": 0.003999948501586914,
            "7_genid": 0.01001119613647461,
            "8_unzip": 0.009011507034301758,
            "9_copy": 0.008598566055297852,
            "10_filter": 0.023041248321533203
        },
        "create_base_extracted_entities": {
            "overall": 0.5071780681610107,
            "0_entity_extract": 0.3894948959350586,
            "1_merge_graphs": 0.11268734931945801
        },
        "create_summarized_entities": {
            "overall": 0.9544250965118408,
            "0_summarize_descriptions": 0.9452054500579834
        },
        "create_base_entity_graph": {
            "overall": 0.3828001022338867,
            "0_cluster_graph": 0.3677978515625,
            "1_select": 0.00800633430480957
        },
        "create_final_entities": {
            "overall": 936.1206142902374,
            "0_unpack_graph": 0.15634369850158691,
            "1_rename": 0.00932931900024414,
            "2_select": 0.009611129760742188,
            "3_dedupe": 0.014651298522949219,
            "4_rename": 0.012744903564453125,
            "5_filter": 0.041388750076293945,
            "6_text_split": 0.02680039405822754,
            "7_drop": 0.011980056762695312,
            "8_merge": 0.21127080917358398,
            "9_text_embed": 935.5648603439331,
            "10_drop": 0.012020587921142578,
            "11_filter": 0.04201364517211914
        },
        "create_final_nodes": {
            "overall": 1.665414571762085,
            "0_layout_graph": 0.7956287860870361,
            "1_unpack_graph": 0.17143535614013672,
            "2_unpack_graph": 0.4101405143737793,
            "3_drop": 0.01339411735534668,
            "4_filter": 0.07396888732910156,
            "5_select": 0.01651787757873535,
            "6_rename": 0.01800370216369629,
            "7_convert": 0.09023809432983398,
            "8_join": 0.04488730430603027,
            "9_rename": 0.01915287971496582
        },
        "create_final_communities": {
            "overall": 0.90899658203125,
            "0_unpack_graph": 0.1827397346496582,
            "1_unpack_graph": 0.14699697494506836,
            "2_aggregate_override": 0.02576470375061035,
            "3_join": 0.035012006759643555,
            "4_join": 0.02859973907470703,
            "5_concat": 0.01703786849975586,
            "6_filter": 0.27074646949768066,
            "7_aggregate_override": 0.02814793586730957,
            "8_join": 0.0230560302734375,
            "9_filter": 0.04196357727050781,
            "10_fill": 0.018616914749145508,
            "11_merge": 0.03799295425415039,
            "12_copy": 0.020264625549316406,
            "13_select": 0.01899099349975586
        },
        "join_text_units_to_entity_ids": {
            "overall": 0.0828089714050293,
            "0_select": 0.01700305938720703,
            "1_unroll": 0.019002199172973633,
            "2_aggregate_override": 0.02979731559753418
        },
        "create_final_relationships": {
            "overall": 0.488753080368042,
            "0_unpack_graph": 0.17908978462219238,
            "1_filter": 0.08382272720336914,
            "2_rename": 0.023011207580566406,
            "3_filter": 0.06775307655334473,
            "4_drop": 0.022001028060913086,
            "5_compute_edge_combined_degree": 0.029436826705932617,
            "6_convert": 0.0450136661529541,
            "7_convert": 0.021562576293945312
        },
        "join_text_units_to_relationship_ids": {
            "overall": 0.12305974960327148,
            "0_select": 0.020012855529785156,
            "1_unroll": 0.021919965744018555,
            "2_aggregate_override": 0.02994847297668457,
            "3_select": 0.026045560836791992
        },
        "create_final_community_reports": {
            "overall": 249.4355766773224,
            "0_prepare_community_reports_nodes": 0.05858111381530762,
            "1_prepare_community_reports_edges": 0.035964250564575195,
            "2_restore_community_hierarchy": 0.03363680839538574,
            "3_prepare_community_reports": 0.40761423110961914,
            "4_create_community_reports": 248.84998321533203,
            "5_window": 0.025174856185913086
        },
        "create_final_text_units": {
            "overall": 0.25205159187316895,
            "0_select": 0.027003765106201172,
            "1_rename": 0.02800607681274414,
            "2_join": 0.051604509353637695,
            "3_join": 0.05699801445007324,
            "4_aggregate_override": 0.03248763084411621,
            "5_select": 0.027962923049926758
        },
        "create_base_documents": {
            "overall": 0.3128643035888672,
            "0_unroll": 0.027022838592529297,
            "1_select": 0.02988147735595703,
            "2_rename": 0.029535293579101562,
            "3_join": 0.03605818748474121,
            "4_aggregate_override": 0.028055667877197266,
            "5_join": 0.037686824798583984,
            "6_rename": 0.028005599975585938,
            "7_convert": 0.07154965400695801
        },
        "create_final_documents": {
            "overall": 0.05851173400878906,
            "0_rename": 0.027265071868896484
        }
    }
}