{
    "total_runtime": 47.93648147583008,
    "num_documents": 1,
    "input_load_time": 0,
    "workflows": {
        "create_base_text_units": {
            "overall": 1.7831735610961914,
            "0_orderby": 0.0196378231048584,
            "1_zip": 0.03833174705505371,
            "2_aggregate_override": 0.22446775436401367,
            "3_chunk": 1.0764684677124023,
            "4_select": 0.025328397750854492,
            "5_unroll": 0.03519630432128906,
            "6_rename": 0.028794527053833008,
            "7_genid": 0.04009580612182617,
            "8_unzip": 0.035776376724243164,
            "9_copy": 0.02696394920349121,
            "10_filter": 0.22409272193908691
        },
        "create_base_extracted_entities": {
            "overall": 44.917680978775024,
            "0_entity_extract": 44.82298398017883,
            "1_merge_graphs": 0.07908749580383301
        }
    }
}