{
    "total_runtime": 4.322098255157471,
    "num_documents": 1,
    "input_load_time": 0,
    "workflows": {
        "create_base_text_units": {
            "overall": 1.3521721363067627,
            "0_orderby": 0.0491030216217041,
            "1_zip": 0.02477097511291504,
            "2_aggregate_override": 0.044687747955322266,
            "3_chunk": 0.9966356754302979,
            "4_select": 0.018637657165527344,
            "5_unroll": 0.03210330009460449,
            "6_rename": 0.01679515838623047,
            "7_genid": 0.027962207794189453,
            "8_unzip": 0.018237829208374023,
            "9_copy": 0.017018795013427734,
            "10_filter": 0.0822153091430664
        },
        "create_base_extracted_entities": {
            "overall": 1.7061855792999268,
            "0_entity_extract": 1.0929539203643799,
            "1_merge_graphs": 0.5938835144042969
        }
    }
}